url,date
https://blog.traeblain.com/,2015-01-13T00:00:00Z
https://blog.traeblain.com/2011/,2011-12-23T00:00:00Z
https://blog.traeblain.com/2011/10-statistical-distribution-plushies/,2011-05-24T00:00:00Z
https://blog.traeblain.com/2011/a-new-engine/,2011-12-15T00:00:00Z
https://blog.traeblain.com/2011/all-your-other-balloon-animals-are-now-insignificant/,2011-06-12T00:00:00Z
https://blog.traeblain.com/2011/autodesk-123d/,2011-06-13T00:00:00Z
https://blog.traeblain.com/2011/balldroppings-2/,2011-05-25T00:00:00Z
https://blog.traeblain.com/2011/batman-equation-revisited/,2011-12-17T00:00:00Z
https://blog.traeblain.com/2011/batman-equation/,2011-08-01T00:00:00Z
https://blog.traeblain.com/2011/bearded-man-can-you-trust-him/,2011-07-13T00:00:00Z
https://blog.traeblain.com/2011/best-wordpress-plugin-ever/,2011-07-15T00:00:00Z
https://blog.traeblain.com/2011/bigbox/,2011-06-07T00:00:00Z
https://blog.traeblain.com/2011/brand-reversions/,2011-06-14T00:00:00Z
https://blog.traeblain.com/2011/coffee-drinkers-used-to-be-jerks/,2011-09-02T00:00:00Z
https://blog.traeblain.com/2011/corner-plug/,2011-10-13T00:00:00Z
https://blog.traeblain.com/2011/corolla-thats-a-lot-of-glue/,2011-11-03T00:00:00Z
https://blog.traeblain.com/2011/cosb/,2011-09-27T00:00:00Z
https://blog.traeblain.com/2011/dallas-mavericks-your-nba-champions/,2011-06-12T00:00:00Z
https://blog.traeblain.com/2011/dallas-texas-the-sports-epicenter/,2011-05-26T00:00:00Z
https://blog.traeblain.com/2011/david-has-a-new-weapon-against-goliath/,2011-07-29T00:00:00Z
https://blog.traeblain.com/2011/eminem-the-ragtime-star/,2011-08-02T00:00:00Z
https://blog.traeblain.com/2011/famous-objects-from-classic-movies/,2011-11-02T00:00:00Z
https://blog.traeblain.com/2011/famous-sweaters/,2011-09-24T00:00:00Z
https://blog.traeblain.com/2011/five-guys-burgers-and-fries-g-d-burgers/,2011-07-26T00:00:00Z
https://blog.traeblain.com/2011/fuddruckers-g-d-burgers/,2011-08-21T00:00:00Z
https://blog.traeblain.com/2011/fun-internet-finds-part-i/,2011-12-23T00:00:00Z
https://blog.traeblain.com/2011/game-of-thrones-acoustic-version/,2011-07-03T00:00:00Z
https://blog.traeblain.com/2011/gear-ring-from-kinekt-design/,2011-09-08T00:00:00Z
https://blog.traeblain.com/2011/google-and-motorola-sitting-in-a-tree/,2011-08-15T00:00:00Z
https://blog.traeblain.com/2011/great-collection-of-animated-gifs/,2011-06-28T00:00:00Z
https://blog.traeblain.com/2011/griffs-hamburgers-g-d-burgers/,2011-10-01T00:00:00Z
https://blog.traeblain.com/2011/hunting-arrows/,2011-07-13T00:00:00Z
https://blog.traeblain.com/2011/imperial-march-using-floppy-drives/,2011-10-04T00:00:00Z
https://blog.traeblain.com/2011/index/,2011-12-23T00:00:00Z
https://blog.traeblain.com/2011/index2/,2011-12-23T00:00:00Z
https://blog.traeblain.com/2011/index3/,2011-12-23T00:00:00Z
https://blog.traeblain.com/2011/index4/,2011-12-23T00:00:00Z
https://blog.traeblain.com/2011/index5/,2011-12-23T00:00:00Z
https://blog.traeblain.com/2011/index6/,2011-12-23T00:00:00Z
https://blog.traeblain.com/2011/inflatable-defender/,2011-08-26T00:00:00Z
https://blog.traeblain.com/2011/its-almost-2/,2011-08-20T00:00:00Z
https://blog.traeblain.com/2011/j-c-burger-house/,2011-09-24T00:00:00Z
https://blog.traeblain.com/2011/jakes-burgers-g-d-burgers/,2011-08-07T00:00:00Z
https://blog.traeblain.com/2011/james-zwerg/,2011-08-28T00:00:00Z
https://blog.traeblain.com/2011/javascript-pc-emulator/,2011-05-24T00:00:00Z
https://blog.traeblain.com/2011/johnathans-card-shut-down/,2011-08-13T00:00:00Z
https://blog.traeblain.com/2011/jumping-in-fantasy-football/,2011-09-07T00:00:00Z
https://blog.traeblain.com/2011/kenny-powers-the-mfceo-explicit/,2011-07-12T00:00:00Z
https://blog.traeblain.com/2011/macrecipes-fathom/,2011-05-24T00:00:00Z
https://blog.traeblain.com/2011/magic-eye-animated-shark/,2011-06-01T00:00:00Z
https://blog.traeblain.com/2011/mark-cuban-says-scoreboard-in-dallas/,2011-06-22T00:00:00Z
https://blog.traeblain.com/2011/moneyball-the-movie/,2011-06-16T00:00:00Z
https://blog.traeblain.com/2011/mooyah-burgers-g-d-burgers/,2011-08-16T00:00:00Z
https://blog.traeblain.com/2011/my-sports-teams/,2011-08-18T00:00:00Z
https://blog.traeblain.com/2011/nba-logo-redesigns/,2011-06-03T00:00:00Z
https://blog.traeblain.com/2011/neon-movie-posters-by-mr-whaite/,2011-10-12T00:00:00Z
https://blog.traeblain.com/2011/official-rules-of-white-elephant/,2011-07-28T00:00:00Z
https://blog.traeblain.com/2011/poor-tampa/,2011-10-05T00:00:00Z
https://blog.traeblain.com/2011/r-d-old-fashion-burger/,2011-09-28T00:00:00Z
https://blog.traeblain.com/2011/readernaut-goodreads/,2011-07-07T00:00:00Z
https://blog.traeblain.com/2011/remove-the-wpmu-dev-notification/,2011-07-19T00:00:00Z
https://blog.traeblain.com/2011/risk-metal-gear-solid-limited-edition/,2011-09-27T00:00:00Z
https://blog.traeblain.com/2011/robobro-i-have-to-go-somewhere-theres-a-kegger-happening/,2011-05-29T00:00:00Z
https://blog.traeblain.com/2011/robocop-poster/,2011-10-09T00:00:00Z
https://blog.traeblain.com/2011/robohash/,2011-07-08T00:00:00Z
https://blog.traeblain.com/2011/scotty-ps-g-d-burgers/,2011-07-17T00:00:00Z
https://blog.traeblain.com/2011/shiftedit/,2011-08-09T00:00:00Z
https://blog.traeblain.com/2011/snuffers-g-d-burgers/,2011-07-10T00:00:00Z
https://blog.traeblain.com/2011/the-best-android-apps/,2011-06-26T00:00:00Z
https://blog.traeblain.com/2011/the-great-dallas-burger-search/,2011-07-04T00:00:00Z
https://blog.traeblain.com/2011/the-okcs-meltdown/,2011-05-24T00:00:00Z
https://blog.traeblain.com/2011/the-pirate-store/,2011-11-01T00:00:00Z
https://blog.traeblain.com/2011/tim-tebow-tebowing-and-us/,2011-12-21T00:00:00Z
https://blog.traeblain.com/2011/tinker-tailor-soldier-spy-by-john-le-carre/,2011-11-01T00:00:00Z
https://blog.traeblain.com/2011/tunein-listen-to-online-radio-music-and-talk-stations/,2011-05-31T00:00:00Z
https://blog.traeblain.com/2011/universities-and-mathematical-computation/,2011-12-19T00:00:00Z
https://blog.traeblain.com/2011/vegetarians-from-another-point-of-view/,2011-08-10T00:00:00Z
https://blog.traeblain.com/2011/wall-street-journal-celebrity-hedcuts/,2011-09-10T00:00:00Z
https://blog.traeblain.com/2011/wallpaper-im-into-right-now-part-ii/,2011-07-11T00:00:00Z
https://blog.traeblain.com/2011/wallpaper-im-into-right-now-part-iii/,2011-08-03T00:00:00Z
https://blog.traeblain.com/2011/wallpaper-im-into-rigth-now-part-i/,2011-06-15T00:00:00Z
https://blog.traeblain.com/2011/webcams-for-seniors-101/,2011-09-15T00:00:00Z
https://blog.traeblain.com/2011/whose-line-is-it-anyway-every-episode/,2011-05-02T00:00:00Z
https://blog.traeblain.com/2011/yahoo-sportacular/,2011-10-25T00:00:00Z
https://blog.traeblain.com/2011/zombie-cartoons/,2011-10-29T00:00:00Z
https://blog.traeblain.com/2012/,2012-12-31T00:00:00Z
https://blog.traeblain.com/2012/all-star-games/,2012-02-10T00:00:00Z
https://blog.traeblain.com/2012/back-yard-burgers-g-d-burger/,2012-03-14T00:00:00Z
https://blog.traeblain.com/2012/best-android-apps-updated/,2012-01-14T00:00:00Z
https://blog.traeblain.com/2012/bowl-championship-series-cant-win/,2012-01-11T00:00:00Z
https://blog.traeblain.com/2012/bracket-time/,2012-03-15T00:00:00Z
https://blog.traeblain.com/2012/commit-for-christmas/,2012-12-10T00:00:00Z
https://blog.traeblain.com/2012/designated-hitter-is-here-for-all/,2012-03-11T00:00:00Z
https://blog.traeblain.com/2012/dropbox-tools/,2012-12-31T00:00:00Z
https://blog.traeblain.com/2012/favorite-christmas-songs/,2012-12-24T00:00:00Z
https://blog.traeblain.com/2012/giving-ubuntu-more-love/,2012-05-27T00:00:00Z
https://blog.traeblain.com/2012/if-you-read-this-you-dead/,2012-12-21T00:00:00Z
https://blog.traeblain.com/2012/index/,2012-12-31T00:00:00Z
https://blog.traeblain.com/2012/index2/,2012-12-31T00:00:00Z
https://blog.traeblain.com/2012/index3/,2012-12-31T00:00:00Z
https://blog.traeblain.com/2012/kevin-olusola-julie-o/,2012-08-07T00:00:00Z
https://blog.traeblain.com/2012/lance-armstrong-stripped/,2012-10-22T00:00:00Z
https://blog.traeblain.com/2012/micro-michael-crichton/,2012-08-28T00:00:00Z
https://blog.traeblain.com/2012/my-sites-need-for-speed/,2012-01-09T00:00:00Z
https://blog.traeblain.com/2012/one-email-turned-the-tides/,2012-02-01T00:00:00Z
https://blog.traeblain.com/2012/open-letter-to-environmentalist/,2012-01-01T00:00:00Z
https://blog.traeblain.com/2012/paterno-people-and-the-death-penalty/,2012-07-23T00:00:00Z
https://blog.traeblain.com/2012/portable-apps/,2012-03-07T00:00:00Z
https://blog.traeblain.com/2012/portable-nginx/,2012-03-22T00:00:00Z
https://blog.traeblain.com/2012/pretzel-fun/,2012-03-25T00:00:00Z
https://blog.traeblain.com/2012/prometheus/,2012-06-18T00:00:00Z
https://blog.traeblain.com/2012/python-for-windows/,2012-11-19T00:00:00Z
https://blog.traeblain.com/2012/small-site-redesign/,2012-06-30T00:00:00Z
https://blog.traeblain.com/2012/smashburger-g-d-burger/,2012-01-22T00:00:00Z
https://blog.traeblain.com/2012/somebody-that-i-used-to-know/,2012-02-08T00:00:00Z
https://blog.traeblain.com/2012/texas-rangers-what-we-have-learned/,2012-10-14T00:00:00Z
https://blog.traeblain.com/2012/text-editors/,2012-02-27T00:00:00Z
https://blog.traeblain.com/2012/the-dfw-fan-sports-experience/,2012-04-13T00:00:00Z
https://blog.traeblain.com/2012/the-gridiron-league/,2012-01-24T00:00:00Z
https://blog.traeblain.com/2012/the-new-tank/,2012-08-13T00:00:00Z
https://blog.traeblain.com/2012/time-to-lose-the-penny/,2012-01-04T00:00:00Z
https://blog.traeblain.com/2012/tools-ive-been-enjoying/,2012-04-21T00:00:00Z
https://blog.traeblain.com/2012/underrated-music-the-beginning/,2012-03-01T00:00:00Z
https://blog.traeblain.com/2012/wallpaper-im-into-right-now-part-iv/,2012-05-22T00:00:00Z
https://blog.traeblain.com/2013/,2013-11-14T00:00:00Z
https://blog.traeblain.com/2013/2012-reading-list/,2013-01-13T00:00:00Z
https://blog.traeblain.com/2013/2012-the-year-of-no-escape/,2013-01-21T00:00:00Z
https://blog.traeblain.com/2013/automation-is-king/,2013-10-27T00:00:00Z
https://blog.traeblain.com/2013/can-i-quit-google/,2013-04-14T00:00:00Z
https://blog.traeblain.com/2013/encryption-for-everyone/,2013-11-14T00:00:00Z
https://blog.traeblain.com/2013/index/,2013-11-14T00:00:00Z
https://blog.traeblain.com/2013/lost-the-blog/,2013-08-13T00:00:00Z
https://blog.traeblain.com/2013/money-in-the-bank/,2013-05-07T00:00:00Z
https://blog.traeblain.com/2013/really-fast-book-reviews/,2013-04-09T00:00:00Z
https://blog.traeblain.com/2013/safety-of-our-eggs/,2013-03-14T00:00:00Z
https://blog.traeblain.com/2013/why-cant-they-maintain-scale/,2013-02-24T00:00:00Z
https://blog.traeblain.com/2014/,2014-10-27T00:00:00Z
https://blog.traeblain.com/2014/2013-reading-list-part-i/,2014-01-04T00:00:00Z
https://blog.traeblain.com/2014/2013-reading-list-part-iii/,2014-01-16T00:00:00Z
https://blog.traeblain.com/2014/2013-reading-list-part-v/,2014-01-31T00:00:00Z
https://blog.traeblain.com/2014/anchorman-2-the-legend-continues/,2014-01-27T00:00:00Z
https://blog.traeblain.com/2014/devil-in-the-white-city/,2014-01-08T00:00:00Z
https://blog.traeblain.com/2014/index/,2014-10-27T00:00:00Z
https://blog.traeblain.com/2014/out-of-the-furnace/,2014-02-02T00:00:00Z
https://blog.traeblain.com/2014/steelheart/,2014-01-22T00:00:00Z
https://blog.traeblain.com/2014/the-hobbit-the-desolation-of-smaug/,2014-01-13T00:00:00Z
https://blog.traeblain.com/2014/the-martian/,2014-06-08T00:00:00Z
https://blog.traeblain.com/2014/wolf-in-white-van/,2014-10-27T00:00:00Z
https://blog.traeblain.com/2015/,2015-01-13T00:00:00Z
https://blog.traeblain.com/2015/2014-and-looking-ahead/,2015-01-13T00:00:00Z
https://blog.traeblain.com/2015/index/,2015-01-13T00:00:00Z
https://blog.traeblain.com/404/,2015-01-13T00:00:00Z
https://blog.traeblain.com/archives/,2015-01-13T00:00:00Z
https://blog.traeblain.com/index/,2015-01-13T00:00:00Z
https://blog.traeblain.com/index2/,2015-01-13T00:00:00Z
https://blog.traeblain.com/index3/,2015-01-13T00:00:00Z
https://blog.traeblain.com/index4/,2015-01-13T00:00:00Z
https://blog.traeblain.com/index5/,2015-01-13T00:00:00Z
https://blog.traeblain.com/index6/,2015-01-13T00:00:00Z
https://blog.traeblain.com/index7/,2015-01-13T00:00:00Z
https://blog.traeblain.com/index8/,2015-01-13T00:00:00Z
https://blog.traeblain.com/index9/,2015-01-13T00:00:00Z
https://blog.traeblain.com/mountaindew/,2015-01-13T00:00:00Z
https://blog.traeblain.com/pretzels/,2015-01-13T00:00:00Z
https://blog.traeblain.com/robots.txt,2015-01-13T00:00:00Z
https://blog.traeblain.com/tags/,2015-01-13T00:00:00Z
https://blog.traeblain.com/tags/,2015-01-13T00:00:00Z
https://blog.traeblain.com/tags/android/,2015-01-13T00:00:00Z
https://blog.traeblain.com/tags/angry_birds/,2015-01-13T00:00:00Z
https://blog.traeblain.com/tags/apps/,2015-01-13T00:00:00Z
https://blog.traeblain.com/tags/art/,2015-01-13T00:00:00Z
https://blog.traeblain.com/tags/auto/,2015-01-13T00:00:00Z
https://blog.traeblain.com/tags/avengers/,2015-01-13T00:00:00Z
https://blog.traeblain.com/tags/back_yard_burgers/,2015-01-13T00:00:00Z
https://blog.traeblain.com/tags/baseball/,2015-01-13T00:00:00Z
https://blog.traeblain.com/tags/basketball/,2015-01-13T00:00:00Z
https://blog.traeblain.com/tags/batman/,2015-01-13T00:00:00Z
https://blog.traeblain.com/tags/beard/,2015-01-13T00:00:00Z
https://blog.traeblain.com/tags/books/,2015-01-13T00:00:00Z
https://blog.traeblain.com/tags/bruins/,2015-01-13T00:00:00Z
https://blog.traeblain.com/tags/burger/,2015-01-13T00:00:00Z
https://blog.traeblain.com/tags/cartoon/,2015-01-13T00:00:00Z
https://blog.traeblain.com/tags/college/,2015-01-13T00:00:00Z
https://blog.traeblain.com/tags/commentary/,2015-01-13T00:00:00Z
https://blog.traeblain.com/tags/cool/,2015-01-13T00:00:00Z
https://blog.traeblain.com/tags/cowboys/,2015-01-13T00:00:00Z
https://blog.traeblain.com/tags/cycling/,2015-01-13T00:00:00Z
https://blog.traeblain.com/tags/dallas/,2015-01-13T00:00:00Z
https://blog.traeblain.com/tags/dallas2/,2015-01-13T00:00:00Z
https://blog.traeblain.com/tags/david/,2015-01-13T00:00:00Z
https://blog.traeblain.com/tags/design/,2015-01-13T00:00:00Z
https://blog.traeblain.com/tags/douche/,2015-01-13T00:00:00Z
https://blog.traeblain.com/tags/drawing/,2015-01-13T00:00:00Z
https://blog.traeblain.com/tags/ebook/,2015-01-13T00:00:00Z
https://blog.traeblain.com/tags/email/,2015-01-13T00:00:00Z
https://blog.traeblain.com/tags/emulator/,2015-01-13T00:00:00Z
https://blog.traeblain.com/tags/espn/,2015-01-13T00:00:00Z
https://blog.traeblain.com/tags/faith/,2015-01-13T00:00:00Z
https://blog.traeblain.com/tags/fantasy/,2015-01-13T00:00:00Z
https://blog.traeblain.com/tags/five_guys/,2015-01-13T00:00:00Z
https://blog.traeblain.com/tags/food/,2015-01-13T00:00:00Z
https://blog.traeblain.com/tags/football/,2015-01-13T00:00:00Z
https://blog.traeblain.com/tags/fuddruckers/,2015-01-13T00:00:00Z
https://blog.traeblain.com/tags/funny/,2015-01-13T00:00:00Z
https://blog.traeblain.com/tags/gears/,2015-01-13T00:00:00Z
https://blog.traeblain.com/tags/geek/,2015-01-13T00:00:00Z
https://blog.traeblain.com/tags/goliath/,2015-01-13T00:00:00Z
https://blog.traeblain.com/tags/google/,2015-01-13T00:00:00Z
https://blog.traeblain.com/tags/grandparents/,2015-01-13T00:00:00Z
https://blog.traeblain.com/tags/griffs/,2015-01-13T00:00:00Z
https://blog.traeblain.com/tags/holiday/,2015-01-13T00:00:00Z
https://blog.traeblain.com/tags/holidays/,2015-01-13T00:00:00Z
https://blog.traeblain.com/tags/hyde/,2015-01-13T00:00:00Z
https://blog.traeblain.com/tags/image/,2015-01-13T00:00:00Z
https://blog.traeblain.com/tags/infographic/,2015-01-13T00:00:00Z
https://blog.traeblain.com/tags/internet/,2015-01-13T00:00:00Z
https://blog.traeblain.com/tags/internets/,2015-01-13T00:00:00Z
https://blog.traeblain.com/tags/jakes/,2015-01-13T00:00:00Z
https://blog.traeblain.com/tags/javascript/,2015-01-13T00:00:00Z
https://blog.traeblain.com/tags/link/,2015-01-13T00:00:00Z
https://blog.traeblain.com/tags/link2/,2015-01-13T00:00:00Z
https://blog.traeblain.com/tags/linux/,2015-01-13T00:00:00Z
https://blog.traeblain.com/tags/lmmr/,2015-01-13T00:00:00Z
https://blog.traeblain.com/tags/macgyver/,2015-01-13T00:00:00Z
https://blog.traeblain.com/tags/march_madness/,2015-01-13T00:00:00Z
https://blog.traeblain.com/tags/math/,2015-01-13T00:00:00Z
https://blog.traeblain.com/tags/matlab/,2015-01-13T00:00:00Z
https://blog.traeblain.com/tags/mavericks/,2015-01-13T00:00:00Z
https://blog.traeblain.com/tags/mlb/,2015-01-13T00:00:00Z
https://blog.traeblain.com/tags/mobile/,2015-01-13T00:00:00Z
https://blog.traeblain.com/tags/money/,2015-01-13T00:00:00Z
https://blog.traeblain.com/tags/mooyah/,2015-01-13T00:00:00Z
https://blog.traeblain.com/tags/movie/,2015-01-13T00:00:00Z
https://blog.traeblain.com/tags/music/,2015-01-13T00:00:00Z
https://blog.traeblain.com/tags/nba/,2015-01-13T00:00:00Z
https://blog.traeblain.com/tags/neon/,2015-01-13T00:00:00Z
https://blog.traeblain.com/tags/nfl/,2015-01-13T00:00:00Z
https://blog.traeblain.com/tags/nhl/,2015-01-13T00:00:00Z
https://blog.traeblain.com/tags/novel/,2015-01-13T00:00:00Z
https://blog.traeblain.com/tags/party/,2015-01-13T00:00:00Z
https://blog.traeblain.com/tags/pelican/,2015-01-13T00:00:00Z
https://blog.traeblain.com/tags/picture/,2015-01-13T00:00:00Z
https://blog.traeblain.com/tags/pillow/,2015-01-13T00:00:00Z
https://blog.traeblain.com/tags/plugin/,2015-01-13T00:00:00Z
https://blog.traeblain.com/tags/politics/,2015-01-13T00:00:00Z
https://blog.traeblain.com/tags/posters/,2015-01-13T00:00:00Z
https://blog.traeblain.com/tags/python/,2015-01-13T00:00:00Z
https://blog.traeblain.com/tags/radio/,2015-01-13T00:00:00Z
https://blog.traeblain.com/tags/random/,2015-01-13T00:00:00Z
https://blog.traeblain.com/tags/rangers/,2015-01-13T00:00:00Z
https://blog.traeblain.com/tags/rant/,2015-01-13T00:00:00Z
https://blog.traeblain.com/tags/rays/,2015-01-13T00:00:00Z
https://blog.traeblain.com/tags/reading/,2015-01-13T00:00:00Z
https://blog.traeblain.com/tags/reddit/,2015-01-13T00:00:00Z
https://blog.traeblain.com/tags/review/,2015-01-13T00:00:00Z
https://blog.traeblain.com/tags/reviews/,2015-01-13T00:00:00Z
https://blog.traeblain.com/tags/rings/,2015-01-13T00:00:00Z
https://blog.traeblain.com/tags/rules/,2015-01-13T00:00:00Z
https://blog.traeblain.com/tags/scotty_p/,2015-01-13T00:00:00Z
https://blog.traeblain.com/tags/self/,2015-01-13T00:00:00Z
https://blog.traeblain.com/tags/server/,2015-01-13T00:00:00Z
https://blog.traeblain.com/tags/smashburger/,2015-01-13T00:00:00Z
https://blog.traeblain.com/tags/snuffer/,2015-01-13T00:00:00Z
https://blog.traeblain.com/tags/social/,2015-01-13T00:00:00Z
https://blog.traeblain.com/tags/software/,2015-01-13T00:00:00Z
https://blog.traeblain.com/tags/sports/,2015-01-13T00:00:00Z
https://blog.traeblain.com/tags/sports2/,2015-01-13T00:00:00Z
https://blog.traeblain.com/tags/spy/,2015-01-13T00:00:00Z
https://blog.traeblain.com/tags/star_wars/,2015-01-13T00:00:00Z
https://blog.traeblain.com/tags/starbucks/,2015-01-13T00:00:00Z
https://blog.traeblain.com/tags/statistics/,2015-01-13T00:00:00Z
https://blog.traeblain.com/tags/sweaters/,2015-01-13T00:00:00Z
https://blog.traeblain.com/tags/technology/,2015-01-13T00:00:00Z
https://blog.traeblain.com/tags/television/,2015-01-13T00:00:00Z
https://blog.traeblain.com/tags/texas_tech/,2015-01-13T00:00:00Z
https://blog.traeblain.com/tags/thoughts/,2015-01-13T00:00:00Z
https://blog.traeblain.com/tags/thunder/,2015-01-13T00:00:00Z
https://blog.traeblain.com/tags/tools/,2015-01-13T00:00:00Z
https://blog.traeblain.com/tags/toys/,2015-01-13T00:00:00Z
https://blog.traeblain.com/tags/tv/,2015-01-13T00:00:00Z
https://blog.traeblain.com/tags/verizon/,2015-01-13T00:00:00Z
https://blog.traeblain.com/tags/video/,2015-01-13T00:00:00Z
https://blog.traeblain.com/tags/visualization/,2015-01-13T00:00:00Z
https://blog.traeblain.com/tags/wallpaper/,2015-01-13T00:00:00Z
https://blog.traeblain.com/tags/web/,2015-01-13T00:00:00Z
https://blog.traeblain.com/tags/website/,2015-01-13T00:00:00Z
https://blog.traeblain.com/tags/wordpress/,2015-01-13T00:00:00Z
https://blog.traeblain.com/tags/wow/,2015-01-13T00:00:00Z
https://blog.traeblain.com/tags/youtube/,2015-01-13T00:00:00Z
https://blog.traeblain.com/tags/zombie/,2015-01-13T00:00:00Z
